orders_id,order_status,order_date,required_date,shipped_date
1,4,1/1/16,1/3/16,1/3/16
2,4,1/1/16,1/4/16,1/3/16
3,4,1/2/16,1/5/16,1/3/16
4,4,1/3/16,1/4/16,1/5/16
5,4,1/3/16,1/6/16,1/6/16
6,4,1/4/16,1/7/16,1/5/16
7,4,1/4/16,1/7/16,1/5/16
8,4,1/4/16,1/5/16,1/5/16
9,4,1/5/16,1/8/16,1/8/16
10,4,1/5/16,1/6/16,1/6/16
11,4,1/5/16,1/8/16,1/7/16
12,4,1/6/16,1/8/16,1/9/16
13,4,1/8/16,1/11/16,1/11/16
14,4,1/9/16,1/11/16,1/12/16
15,4,1/9/16,1/10/16,1/12/16
16,4,1/12/16,1/15/16,1/15/16
17,4,1/12/16,1/14/16,1/14/16
18,4,1/14/16,1/17/16,1/15/16
19,4,1/14/16,1/17/16,1/16/16
20,4,1/14/16,1/16/16,1/17/16
21,4,1/15/16,1/16/16,1/18/16
22,4,1/16/16,1/18/16,1/17/16
23,4,1/16/16,1/19/16,1/19/16
24,4,1/18/16,1/20/16,1/19/16
25,4,1/18/16,1/21/16,1/21/16
26,4,1/18/16,1/21/16,1/19/16
27,4,1/19/16,1/21/16,1/20/16
28,4,1/19/16,1/20/16,1/21/16
29,4,1/20/16,1/22/16,1/21/16
30,4,1/20/16,1/21/16,1/21/16
31,4,1/20/16,1/22/16,1/22/16
32,4,1/21/16,1/24/16,1/22/16
33,4,1/21/16,1/22/16,1/22/16
34,4,1/22/16,1/25/16,1/23/16
35,4,1/22/16,1/25/16,1/24/16
36,4,1/23/16,1/24/16,1/24/16
37,4,1/25/16,1/28/16,1/26/16
38,4,1/25/16,1/27/16,1/26/16
39,4,1/25/16,1/26/16,1/26/16
40,4,1/27/16,1/28/16,1/29/16
41,4,1/27/16,1/30/16,1/29/16
42,4,1/27/16,1/28/16,1/30/16
43,4,1/27/16,1/28/16,1/30/16
44,4,1/28/16,1/31/16,1/30/16
45,4,1/28/16,1/31/16,1/31/16
46,4,1/29/16,1/31/16,1/31/16
47,4,1/29/16,1/30/16,1/31/16
48,4,1/30/16,2/1/16,2/2/16
49,4,1/31/16,2/1/16,2/2/16
50,4,1/31/16,2/3/16,2/2/16
51,4,2/1/16,2/2/16,2/3/16
52,4,2/3/16,2/4/16,2/5/16
53,4,2/3/16,2/4/16,2/5/16
54,4,2/4/16,2/7/16,2/7/16
55,4,2/4/16,2/7/16,2/6/16
56,4,2/4/16,2/6/16,2/7/16
57,4,2/4/16,2/6/16,2/6/16
58,4,2/5/16,2/7/16,2/7/16
59,4,2/5/16,2/7/16,2/6/16
60,4,2/6/16,2/8/16,2/7/16
61,4,2/6/16,2/9/16,2/9/16
62,4,2/7/16,2/10/16,2/10/16
63,4,2/7/16,2/9/16,2/9/16
64,4,2/7/16,2/8/16,2/9/16
65,4,2/8/16,2/9/16,2/11/16
66,4,2/9/16,2/12/16,2/12/16
67,4,2/9/16,2/11/16,2/10/16
68,4,2/10/16,2/11/16,2/13/16
69,4,2/10/16,2/12/16,2/11/16
70,3,2/11/16,2/11/16,NULL
71,4,2/11/16,2/14/16,2/12/16
72,4,2/12/16,2/15/16,2/13/16
73,4,2/12/16,2/15/16,2/14/16
74,4,2/13/16,2/15/16,2/15/16
75,4,2/14/16,2/15/16,2/17/16
76,3,2/16/16,2/16/16,NULL
77,4,2/16/16,2/19/16,2/19/16
78,4,2/16/16,2/18/16,2/19/16
79,4,2/17/16,2/20/16,2/20/16
80,4,2/17/16,2/20/16,2/19/16
81,4,2/17/16,2/19/16,2/18/16
82,4,2/18/16,2/21/16,2/20/16
83,4,2/19/16,2/20/16,2/20/16
84,4,2/20/16,2/22/16,2/21/16
85,4,2/20/16,2/23/16,2/21/16
86,4,2/21/16,2/22/16,2/23/16
87,4,2/21/16,2/22/16,2/23/16
88,4,2/21/16,2/22/16,2/23/16
89,4,2/21/16,2/24/16,2/24/16
90,4,2/23/16,2/25/16,2/24/16
91,4,2/25/16,2/27/16,2/28/16
92,4,2/25/16,2/28/16,2/28/16
93,4,2/26/16,2/28/16,2/27/16
94,4,2/27/16,2/28/16,2/29/16
95,4,2/27/16,2/29/16,2/28/16
96,4,2/27/16,2/29/16,2/28/16
97,4,2/28/16,2/29/16,3/1/16
98,4,2/28/16,2/29/16,2/29/16
99,4,2/29/16,3/1/16,3/3/16
100,4,3/1/16,3/4/16,3/3/16
101,4,3/1/16,3/4/16,3/4/16
102,4,3/2/16,3/5/16,3/3/16
103,4,3/3/16,3/6/16,3/5/16
104,4,3/3/16,3/5/16,3/5/16
105,4,3/3/16,3/5/16,3/4/16
106,4,3/4/16,3/5/16,3/5/16
107,4,3/6/16,3/9/16,3/9/16
108,4,3/6/16,3/9/16,3/7/16
109,4,3/6/16,3/9/16,3/9/16
110,4,3/6/16,3/8/16,3/9/16
111,4,3/7/16,3/10/16,3/10/16
112,4,3/8/16,3/11/16,3/10/16
113,4,3/8/16,3/11/16,3/11/16
114,4,3/8/16,3/10/16,3/11/16
115,4,3/9/16,3/11/16,3/11/16
116,4,3/10/16,3/11/16,3/11/16
117,4,3/10/16,3/13/16,3/11/16
118,4,3/12/16,3/14/16,3/13/16
119,4,3/12/16,3/14/16,3/14/16
120,4,3/14/16,3/15/16,3/17/16
121,4,3/14/16,3/15/16,3/16/16
122,4,3/14/16,3/16/16,3/15/16
123,4,3/15/16,3/18/16,3/17/16
124,4,3/16/16,3/18/16,3/17/16
125,4,3/16/16,3/19/16,3/17/16
126,4,3/16/16,3/18/16,3/18/16
127,4,3/17/16,3/18/16,3/19/16
128,4,3/18/16,3/20/16,3/21/16
129,4,3/19/16,3/21/16,3/21/16
130,4,3/19/16,3/22/16,3/20/16
131,4,3/19/16,3/22/16,3/20/16
132,4,3/20/16,3/22/16,3/23/16
133,4,3/20/16,3/22/16,3/21/16
134,4,3/20/16,3/21/16,3/21/16
135,4,3/21/16,3/23/16,3/23/16
136,4,3/21/16,3/24/16,3/23/16
137,4,3/23/16,3/26/16,3/25/16
138,4,3/23/16,3/24/16,3/25/16
139,4,3/23/16,3/24/16,3/26/16
140,4,3/23/16,3/26/16,3/26/16
141,4,3/25/16,3/27/16,3/26/16
142,4,3/26/16,3/27/16,3/27/16
143,4,3/26/16,3/28/16,3/28/16
144,4,3/26/16,3/29/16,3/29/16
145,4,3/27/16,3/29/16,3/30/16
146,4,3/28/16,3/30/16,3/30/16
147,4,3/28/16,3/31/16,3/31/16
148,4,3/28/16,3/30/16,3/30/16
149,4,3/28/16,3/30/16,3/29/16
150,4,3/29/16,3/31/16,4/1/16
151,4,3/29/16,4/1/16,3/31/16
152,4,3/29/16,3/30/16,3/30/16
153,4,3/30/16,4/2/16,4/1/16
154,4,3/31/16,4/1/16,4/1/16
155,4,4/2/16,4/3/16,4/4/16
156,4,4/3/16,4/6/16,4/5/16
157,4,4/3/16,4/6/16,4/6/16
158,3,4/4/16,4/4/16,NULL
159,4,4/4/16,4/6/16,4/6/16
160,4,4/4/16,4/6/16,4/6/16
161,4,4/4/16,4/7/16,4/5/16
162,4,4/6/16,4/8/16,4/7/16
163,4,4/6/16,4/7/16,4/7/16
164,4,4/7/16,4/8/16,4/9/16
165,4,4/8/16,4/10/16,4/10/16
166,4,4/8/16,4/11/16,4/11/16
167,4,4/8/16,4/9/16,4/11/16
168,4,4/9/16,4/12/16,4/11/16
169,4,4/10/16,4/11/16,4/11/16
170,4,4/10/16,4/11/16,4/13/16
171,4,4/11/16,4/14/16,4/14/16
172,4,4/11/16,4/12/16,4/14/16
173,4,4/11/16,4/14/16,4/13/16
174,4,4/12/16,4/13/16,4/15/16
175,4,4/13/16,4/14/16,4/14/16
176,4,4/15/16,4/16/16,4/17/16
177,4,4/16/16,4/19/16,4/19/16
178,4,4/16/16,4/17/16,4/18/16
179,4,4/17/16,4/19/16,4/19/16
180,4,4/17/16,4/20/16,4/19/16
181,4,4/18/16,4/20/16,4/20/16
182,4,4/18/16,4/19/16,4/20/16
183,4,4/19/16,4/20/16,4/20/16
184,4,4/19/16,4/21/16,4/22/16
185,3,4/20/16,4/20/16,NULL
186,4,4/21/16,4/22/16,4/24/16
187,4,4/22/16,4/23/16,4/24/16
188,4,4/22/16,4/23/16,4/25/16
189,4,4/23/16,4/24/16,4/26/16
190,4,4/23/16,4/25/16,4/25/16
191,4,4/27/16,4/28/16,4/28/16
192,4,4/27/16,4/28/16,4/29/16
193,4,4/28/16,4/30/16,4/30/16
194,4,4/28/16,4/30/16,5/1/16
195,4,4/28/16,5/1/16,5/1/16
196,4,4/28/16,4/30/16,5/1/16
197,4,4/30/16,5/3/16,5/3/16
198,4,5/1/16,5/4/16,5/3/16
199,4,5/1/16,5/4/16,5/4/16
200,4,5/1/16,5/3/16,5/3/16
201,4,5/1/16,5/4/16,5/2/16
202,4,5/3/16,5/5/16,5/4/16
203,4,5/3/16,5/5/16,5/6/16
204,4,5/4/16,5/7/16,5/6/16
205,4,5/4/16,5/5/16,5/6/16
206,4,5/4/16,5/6/16,5/5/16
207,4,5/5/16,5/7/16,5/7/16
208,4,5/6/16,5/7/16,5/9/16
209,4,5/7/16,5/8/16,5/8/16
210,4,5/7/16,5/8/16,5/9/16
211,4,5/7/16,5/9/16,5/8/16
212,4,5/8/16,5/9/16,5/11/16
213,4,5/8/16,5/9/16,5/9/16
214,4,5/10/16,5/12/16,5/11/16
215,4,5/10/16,5/13/16,5/12/16
216,4,5/11/16,5/14/16,5/13/16
217,4,5/11/16,5/12/16,5/14/16
218,4,5/12/16,5/14/16,5/14/16
219,4,5/12/16,5/15/16,5/15/16
220,4,5/12/16,5/14/16,5/15/16
221,4,5/13/16,5/16/16,5/14/16
222,4,5/13/16,5/16/16,5/14/16
223,4,5/15/16,5/16/16,5/17/16
224,4,5/17/16,5/18/16,5/19/16
225,4,5/17/16,5/20/16,5/19/16
226,4,5/17/16,5/19/16,5/20/16
227,4,5/17/16,5/18/16,5/20/16
228,4,5/17/16,5/20/16,5/20/16
229,4,5/19/16,5/21/16,5/20/16
230,4,5/19/16,5/20/16,5/21/16
231,4,5/19/16,5/22/16,5/21/16
232,4,5/20/16,5/23/16,5/23/16
233,4,5/21/16,5/22/16,5/24/16
234,4,5/22/16,5/24/16,5/24/16
235,4,5/24/16,5/25/16,5/25/16
236,4,5/25/16,5/27/16,5/26/16
237,4,5/25/16,5/26/16,5/27/16
238,4,5/26/16,5/29/16,5/29/16
239,3,5/27/16,5/27/16,NULL
240,4,5/27/16,5/29/16,5/30/16
241,4,5/27/16,5/29/16,5/29/16
242,4,5/27/16,5/30/16,5/30/16
243,4,5/27/16,5/30/16,5/28/16
244,4,5/28/16,5/29/16,5/29/16
245,4,5/29/16,5/31/16,5/30/16
246,3,5/30/16,5/30/16,NULL
247,4,5/30/16,6/1/16,6/1/16
248,4,5/30/16,6/1/16,5/31/16
249,4,6/1/16,6/4/16,6/4/16
250,4,6/1/16,6/2/16,6/4/16
251,4,6/1/16,6/4/16,6/4/16
252,4,6/1/16,6/4/16,6/2/16
253,4,6/2/16,6/5/16,6/5/16
254,4,6/3/16,6/6/16,6/5/16
255,4,6/3/16,6/6/16,6/5/16
256,4,6/4/16,6/5/16,6/7/16
257,4,6/5/16,6/6/16,6/8/16
258,4,6/6/16,6/7/16,6/7/16
259,4,6/6/16,6/9/16,6/9/16
260,4,6/6/16,6/8/16,6/8/16
261,4,6/8/16,6/10/16,6/9/16
262,4,6/8/16,6/11/16,6/10/16
263,4,6/9/16,6/10/16,6/12/16
264,3,6/10/16,6/10/16,NULL
265,4,6/10/16,6/12/16,6/11/16
266,4,6/10/16,6/13/16,6/13/16
267,4,6/11/16,6/14/16,6/14/16
268,4,6/11/16,6/14/16,6/12/16
269,4,6/12/16,6/13/16,6/15/16
270,4,6/12/16,6/15/16,6/13/16
271,4,6/13/16,6/16/16,6/14/16
272,4,6/15/16,6/18/16,6/16/16
273,4,6/16/16,6/19/16,6/17/16
274,4,6/17/16,6/20/16,6/18/16
275,4,6/17/16,6/19/16,6/18/16
276,4,6/18/16,6/19/16,6/19/16
277,4,6/19/16,6/20/16,6/20/16
278,4,6/20/16,6/23/16,6/21/16
279,4,6/21/16,6/22/16,6/22/16
280,4,6/21/16,6/22/16,6/23/16
281,4,6/21/16,6/22/16,6/23/16
282,4,6/22/16,6/25/16,6/25/16
283,4,6/23/16,6/26/16,6/26/16
284,4,6/23/16,6/25/16,6/25/16
285,4,6/25/16,6/26/16,6/27/16
286,4,6/25/16,6/26/16,6/26/16
287,4,6/25/16,6/26/16,6/27/16
288,4,6/25/16,6/28/16,6/28/16
289,4,6/27/16,6/28/16,6/30/16
290,4,6/28/16,6/29/16,6/30/16
291,4,6/29/16,6/30/16,7/1/16
292,4,6/29/16,6/30/16,7/2/16
293,4,6/30/16,7/3/16,7/2/16
294,4,7/1/16,7/2/16,7/2/16
295,4,7/1/16,7/4/16,7/4/16
296,4,7/4/16,7/7/16,7/6/16
297,4,7/4/16,7/5/16,7/6/16
298,4,7/4/16,7/7/16,7/7/16
299,4,7/5/16,7/6/16,7/7/16
300,4,7/5/16,7/8/16,7/8/16
301,4,7/6/16,7/9/16,7/8/16
302,4,7/6/16,7/7/16,7/9/16
303,4,7/7/16,7/8/16,7/9/16
304,4,7/7/16,7/8/16,7/8/16
305,4,7/7/16,7/8/16,7/8/16
306,4,7/9/16,7/10/16,7/12/16
307,4,7/9/16,7/11/16,7/11/16
308,4,7/11/16,7/12/16,7/14/16
309,4,7/11/16,7/13/16,7/13/16
310,4,7/12/16,7/13/16,7/13/16
311,4,7/12/16,7/14/16,7/13/16
312,4,7/13/16,7/15/16,7/16/16
313,4,7/14/16,7/15/16,7/15/16
314,4,7/15/16,7/17/16,7/17/16
315,4,7/16/16,7/19/16,7/17/16
316,4,7/17/16,7/20/16,7/19/16
317,4,7/17/16,7/20/16,7/19/16
318,4,7/17/16,7/19/16,7/20/16
319,4,7/18/16,7/21/16,7/21/16
320,4,7/19/16,7/20/16,7/21/16
321,4,7/19/16,7/22/16,7/21/16
322,4,7/19/16,7/22/16,7/20/16
323,4,7/19/16,7/22/16,7/21/16
324,4,7/20/16,7/22/16,7/23/16
325,4,7/20/16,7/21/16,7/21/16
326,4,7/20/16,7/21/16,7/22/16
327,4,7/21/16,7/24/16,7/22/16
328,4,7/23/16,7/26/16,7/25/16
329,4,7/24/16,7/27/16,7/26/16
330,4,7/24/16,7/27/16,7/27/16
331,4,7/24/16,7/26/16,7/25/16
332,4,7/24/16,7/26/16,7/26/16
333,4,7/25/16,7/27/16,7/26/16
334,4,7/25/16,7/28/16,7/27/16
335,4,7/25/16,7/27/16,7/26/16
336,4,7/26/16,7/29/16,7/27/16
337,4,7/26/16,7/27/16,7/28/16
338,4,7/28/16,7/29/16,7/30/16
339,4,7/28/16,7/31/16,7/29/16
340,4,7/29/16,7/30/16,7/31/16
341,4,7/31/16,8/3/16,8/1/16
342,4,7/31/16,8/1/16,8/3/16
343,4,7/31/16,8/2/16,8/1/16
344,4,8/1/16,8/3/16,8/2/16
345,4,8/1/16,8/4/16,8/3/16
346,4,8/1/16,8/3/16,8/2/16
347,4,8/2/16,8/3/16,8/5/16
348,4,8/2/16,8/5/16,8/4/16
349,3,8/3/16,8/3/16,NULL
350,3,8/3/16,8/3/16,NULL
351,4,8/3/16,8/6/16,8/4/16
352,4,8/3/16,8/4/16,8/6/16
353,4,8/3/16,8/6/16,8/6/16
354,4,8/3/16,8/5/16,8/6/16
355,4,8/3/16,8/5/16,8/5/16
356,4,8/4/16,8/7/16,8/6/16
357,3,8/5/16,8/5/16,NULL
358,4,8/5/16,8/7/16,8/7/16
359,4,8/7/16,8/10/16,8/10/16
360,4,8/7/16,8/9/16,8/10/16
361,4,8/8/16,8/9/16,8/11/16
362,4,8/9/16,8/11/16,8/11/16
363,4,8/11/16,8/12/16,8/13/16
364,4,8/12/16,8/14/16,8/13/16
365,4,8/13/16,8/14/16,8/15/16
366,4,8/13/16,8/14/16,8/14/16
367,4,8/14/16,8/15/16,8/15/16
368,4,8/14/16,8/15/16,8/17/16
369,4,8/15/16,8/18/16,8/18/16
370,4,8/15/16,8/18/16,8/18/16
371,4,8/15/16,8/16/16,8/18/16
372,4,8/16/16,8/18/16,8/18/16
373,4,8/16/16,8/19/16,8/17/16
374,4,8/17/16,8/19/16,8/18/16
375,4,8/17/16,8/20/16,8/20/16
376,4,8/17/16,8/19/16,8/18/16
377,4,8/17/16,8/19/16,8/20/16
378,4,8/17/16,8/20/16,8/20/16
379,4,8/18/16,8/21/16,8/21/16
380,4,8/19/16,8/20/16,8/21/16
381,4,8/19/16,8/21/16,8/21/16
382,4,8/20/16,8/23/16,8/23/16
383,4,8/20/16,8/23/16,8/22/16
384,4,8/20/16,8/22/16,8/23/16
385,4,8/20/16,8/23/16,8/22/16
386,4,8/20/16,8/23/16,8/23/16
387,4,8/20/16,8/21/16,8/21/16
388,4,8/21/16,8/24/16,8/23/16
389,4,8/22/16,8/24/16,8/25/16
390,4,8/22/16,8/24/16,8/25/16
391,3,8/23/16,8/23/16,NULL
392,4,8/23/16,8/26/16,8/24/16
393,4,8/25/16,8/26/16,8/27/16
394,4,8/26/16,8/28/16,8/29/16
395,4,8/26/16,8/27/16,8/29/16
396,4,8/27/16,8/30/16,8/29/16
397,4,8/28/16,8/31/16,8/29/16
398,4,8/29/16,8/30/16,9/1/16
399,4,8/29/16,9/1/16,9/1/16
400,4,8/29/16,8/30/16,8/31/16
401,4,8/30/16,9/2/16,9/1/16
402,4,8/30/16,9/1/16,8/31/16
403,4,8/31/16,9/1/16,9/2/16
404,4,8/31/16,9/3/16,9/1/16
405,4,8/31/16,9/1/16,9/1/16
406,4,8/31/16,9/2/16,9/1/16
407,3,9/1/16,9/1/16,NULL
408,4,9/1/16,9/2/16,9/2/16
409,4,9/1/16,9/4/16,9/4/16
410,4,9/1/16,9/3/16,9/2/16
411,4,9/2/16,9/4/16,9/4/16
412,4,9/2/16,9/4/16,9/4/16
413,4,9/2/16,9/5/16,9/3/16
414,4,9/3/16,9/6/16,9/6/16
415,4,9/3/16,9/6/16,9/6/16
416,4,9/3/16,9/4/16,9/6/16
417,4,9/4/16,9/5/16,9/6/16
418,4,9/4/16,9/5/16,9/5/16
419,4,9/4/16,9/7/16,9/6/16
420,4,9/5/16,9/6/16,9/7/16
421,4,9/5/16,9/6/16,9/8/16
422,4,9/6/16,9/7/16,9/9/16
423,4,9/6/16,9/9/16,9/9/16
424,4,9/8/16,9/11/16,9/11/16
425,4,9/8/16,9/11/16,9/11/16
426,4,9/8/16,9/10/16,9/10/16
427,4,9/9/16,9/10/16,9/11/16
428,4,9/9/16,9/12/16,9/10/16
429,4,9/10/16,9/12/16,9/12/16
430,4,9/11/16,9/13/16,9/12/16
431,4,9/11/16,9/12/16,9/12/16
432,4,9/12/16,9/15/16,9/14/16
433,4,9/12/16,9/15/16,9/13/16
434,4,9/13/16,9/15/16,9/14/16
435,4,9/14/16,9/15/16,9/16/16
436,4,9/16/16,9/19/16,9/19/16
437,4,9/16/16,9/18/16,9/18/16
438,4,9/16/16,9/19/16,9/18/16
439,4,9/17/16,9/20/16,9/18/16
440,4,9/17/16,9/18/16,9/19/16
441,4,9/18/16,9/19/16,9/19/16
442,4,9/18/16,9/21/16,9/21/16
443,4,9/18/16,9/19/16,9/20/16
444,4,9/19/16,9/20/16,9/21/16
445,4,9/19/16,9/22/16,9/22/16
446,4,9/19/16,9/21/16,9/20/16
447,4,9/20/16,9/23/16,9/22/16
448,4,9/21/16,9/22/16,9/24/16
449,4,9/21/16,9/24/16,9/22/16
450,4,9/21/16,9/24/16,9/23/16
451,4,9/21/16,9/23/16,9/22/16
452,4,9/22/16,9/23/16,9/24/16
453,4,9/22/16,9/24/16,9/25/16
454,4,9/23/16,9/25/16,9/26/16
455,4,9/23/16,9/24/16,9/24/16
456,4,9/23/16,9/26/16,9/25/16
457,4,9/24/16,9/27/16,9/27/16
458,4,9/25/16,9/28/16,9/26/16
459,4,9/25/16,9/28/16,9/26/16
460,4,9/25/16,9/27/16,9/26/16
461,4,9/26/16,9/27/16,9/27/16
462,4,9/27/16,9/28/16,9/29/16
463,4,9/27/16,9/28/16,9/28/16
464,4,9/28/16,9/30/16,9/29/16
465,4,9/28/16,10/1/16,10/1/16
466,4,9/28/16,9/29/16,10/1/16
467,4,9/28/16,9/30/16,9/30/16
468,4,9/29/16,10/2/16,9/30/16
469,4,9/29/16,10/2/16,10/2/16
470,4,9/30/16,10/2/16,10/2/16
471,4,9/30/16,10/2/16,10/1/16
472,4,9/30/16,10/1/16,10/1/16
473,4,9/30/16,10/2/16,10/3/16
474,4,10/1/16,10/4/16,10/4/16
475,4,10/1/16,10/4/16,10/3/16
476,4,10/1/16,10/4/16,10/2/16
477,4,10/2/16,10/5/16,10/4/16
478,4,10/2/16,10/5/16,10/3/16
479,4,10/3/16,10/4/16,10/4/16
480,4,10/4/16,10/7/16,10/5/16
481,4,10/4/16,10/7/16,10/6/16
482,4,10/5/16,10/6/16,10/6/16
483,4,10/6/16,10/7/16,10/9/16
484,4,10/6/16,10/9/16,10/7/16
485,4,10/6/16,10/8/16,10/7/16
486,4,10/6/16,10/8/16,10/9/16
487,4,10/6/16,10/9/16,10/9/16
488,4,10/6/16,10/9/16,10/8/16
489,4,10/6/16,10/8/16,10/8/16
490,4,10/7/16,10/10/16,10/9/16
491,4,10/8/16,10/10/16,10/11/16
492,4,10/9/16,10/10/16,10/12/16
493,4,10/9/16,10/12/16,10/11/16
494,4,10/9/16,10/10/16,10/11/16
495,4,10/10/16,10/12/16,10/13/16
496,4,10/10/16,10/12/16,10/11/16
497,4,10/10/16,10/11/16,10/11/16
498,4,10/10/16,10/12/16,10/11/16
499,4,10/11/16,10/14/16,10/13/16
500,4,10/11/16,10/12/16,10/13/16
501,4,10/11/16,10/12/16,10/13/16
502,4,10/12/16,10/13/16,10/13/16
503,4,10/13/16,10/16/16,10/14/16
504,4,10/14/16,10/15/16,10/15/16
505,4,10/14/16,10/16/16,10/17/16
506,4,10/14/16,10/16/16,10/16/16
507,4,10/15/16,10/17/16,10/17/16
508,4,10/15/16,10/18/16,10/18/16
509,4,10/16/16,10/17/16,10/17/16
510,4,10/17/16,10/18/16,10/18/16
511,4,10/18/16,10/20/16,10/19/16
512,4,10/19/16,10/22/16,10/20/16
513,4,10/19/16,10/21/16,10/21/16
514,4,10/19/16,10/21/16,10/20/16
515,4,10/19/16,10/20/16,10/22/16
516,4,10/21/16,10/23/16,10/24/16
517,4,10/21/16,10/22/16,10/24/16
518,4,10/22/16,10/24/16,10/25/16
519,4,10/22/16,10/23/16,10/24/16
520,4,10/23/16,10/26/16,10/24/16
521,4,10/23/16,10/25/16,10/25/16
522,4,10/23/16,10/24/16,10/24/16
523,4,10/24/16,10/26/16,10/27/16
524,4,10/25/16,10/26/16,10/27/16
525,4,10/26/16,10/28/16,10/29/16
526,4,10/26/16,10/28/16,10/28/16
527,4,10/27/16,10/29/16,10/28/16
528,4,10/28/16,10/31/16,10/31/16
529,4,10/28/16,10/30/16,10/31/16
530,4,10/28/16,10/31/16,10/31/16
531,4,10/28/16,10/29/16,10/30/16
532,4,10/29/16,10/31/16,10/30/16
533,4,10/29/16,11/1/16,11/1/16
534,4,10/29/16,10/30/16,10/31/16
535,4,10/29/16,10/31/16,11/1/16
536,4,10/31/16,11/2/16,11/1/16
537,4,10/31/16,11/1/16,11/3/16
538,4,11/2/16,11/5/16,11/5/16
539,4,11/2/16,11/4/16,11/3/16
540,4,11/3/16,11/5/16,11/6/16
541,4,11/4/16,11/7/16,11/7/16
542,4,11/4/16,11/6/16,11/5/16
543,4,11/6/16,11/9/16,11/8/16
544,4,11/6/16,11/7/16,11/8/16
545,4,11/8/16,11/10/16,11/9/16
546,4,11/9/16,11/12/16,11/10/16
547,4,11/9/16,11/11/16,11/10/16
548,4,11/11/16,11/13/16,11/13/16
549,3,11/12/16,11/12/16,NULL
550,4,11/12/16,11/14/16,11/15/16
551,4,11/12/16,11/13/16,11/13/16
552,4,11/12/16,11/15/16,11/13/16
553,4,11/12/16,11/13/16,11/15/16
554,4,11/13/16,11/14/16,11/16/16
555,4,11/13/16,11/14/16,11/16/16
556,4,11/13/16,11/14/16,11/15/16
557,4,11/14/16,11/17/16,11/15/16
558,4,11/15/16,11/16/16,11/17/16
559,4,11/16/16,11/17/16,11/17/16
560,4,11/18/16,11/19/16,11/21/16
561,4,11/19/16,11/22/16,11/22/16
562,4,11/19/16,11/20/16,11/22/16
563,4,11/20/16,11/22/16,11/21/16
564,4,11/20/16,11/23/16,11/22/16
565,4,11/21/16,11/22/16,11/22/16
566,4,11/22/16,11/25/16,11/23/16
567,4,11/22/16,11/23/16,11/23/16
568,4,11/23/16,11/25/16,11/24/16
569,4,11/23/16,11/24/16,11/25/16
570,4,11/23/16,11/24/16,11/25/16
571,4,11/24/16,11/25/16,11/27/16
572,4,11/24/16,11/26/16,11/26/16
573,4,11/24/16,11/26/16,11/27/16
574,4,11/26/16,11/27/16,11/29/16
575,4,11/27/16,11/28/16,11/30/16
576,4,11/27/16,11/30/16,11/28/16
577,4,11/27/16,11/30/16,11/29/16
578,4,11/27/16,11/28/16,11/29/16
579,4,11/27/16,11/30/16,11/29/16
580,4,11/30/16,12/2/16,12/2/16
581,4,12/3/16,12/5/16,12/6/16
582,3,12/4/16,12/4/16,NULL
583,4,12/4/16,12/5/16,12/7/16
584,4,12/4/16,12/5/16,12/5/16
585,4,12/4/16,12/5/16,12/5/16
586,4,12/4/16,12/6/16,12/5/16
587,4,12/6/16,12/8/16,12/8/16
588,4,12/6/16,12/7/16,12/7/16
589,4,12/6/16,12/7/16,12/7/16
590,4,12/6/16,12/9/16,12/7/16
591,4,12/6/16,12/9/16,12/9/16
592,4,12/6/16,12/8/16,12/8/16
593,4,12/7/16,12/10/16,12/8/16
594,4,12/7/16,12/8/16,12/8/16
595,4,12/8/16,12/9/16,12/11/16
596,4,12/8/16,12/9/16,12/9/16
597,4,12/8/16,12/9/16,12/10/16
598,3,12/9/16,12/9/16,NULL
599,4,12/9/16,12/10/16,12/12/16
600,4,12/9/16,12/12/16,12/11/16
601,4,12/9/16,12/10/16,12/10/16
602,4,12/9/16,12/10/16,12/11/16
603,4,12/9/16,12/10/16,12/10/16
604,4,12/10/16,12/13/16,12/12/16
605,4,12/10/16,12/11/16,12/12/16
606,4,12/11/16,12/12/16,12/13/16
607,4,12/11/16,12/14/16,12/13/16
608,4,12/12/16,12/15/16,12/14/16
609,4,12/12/16,12/13/16,12/14/16
610,4,12/13/16,12/15/16,12/14/16
611,4,12/15/16,12/17/16,12/18/16
612,4,12/16/16,12/17/16,12/17/16
613,4,12/17/16,12/19/16,12/19/16
614,4,12/18/16,12/21/16,12/21/16
615,4,12/19/16,12/22/16,12/21/16
616,4,12/20/16,12/23/16,12/23/16
617,4,12/21/16,12/23/16,12/23/16
618,4,12/21/16,12/22/16,12/22/16
619,4,12/22/16,12/25/16,12/25/16
620,4,12/22/16,12/24/16,12/24/16
621,4,12/23/16,12/25/16,12/24/16
622,4,12/23/16,12/26/16,12/25/16
623,4,12/24/16,12/26/16,12/27/16
624,4,12/24/16,12/25/16,12/27/16
625,4,12/25/16,12/28/16,12/26/16
626,4,12/25/16,12/28/16,12/27/16
627,4,12/25/16,12/26/16,12/28/16
628,4,12/26/16,12/29/16,12/27/16
629,4,12/26/16,12/27/16,12/29/16
630,4,12/26/16,12/27/16,12/28/16
631,4,12/27/16,12/29/16,12/29/16
632,4,12/27/16,12/29/16,12/29/16
633,4,12/28/16,12/31/16,12/30/16
634,4,12/29/16,1/1/17,12/30/16
635,4,12/30/16,1/2/17,12/31/16
636,4,1/3/17,1/4/17,1/5/17
637,4,1/3/17,1/5/17,1/5/17
638,4,1/4/17,1/5/17,1/6/17
639,4,1/6/17,1/7/17,1/7/17
640,4,1/6/17,1/8/17,1/7/17
641,4,1/7/17,1/10/17,1/8/17
642,4,1/7/17,1/9/17,1/10/17
643,4,1/8/17,1/9/17,1/11/17
644,4,1/8/17,1/11/17,1/10/17
645,4,1/8/17,1/11/17,1/10/17
646,4,1/9/17,1/12/17,1/11/17
647,4,1/9/17,1/10/17,1/11/17
648,4,1/9/17,1/11/17,1/11/17
649,4,1/10/17,1/11/17,1/13/17
650,4,1/11/17,1/14/17,1/12/17
651,4,1/11/17,1/13/17,1/13/17
652,4,1/12/17,1/15/17,1/13/17
653,4,1/14/17,1/17/17,1/15/17
654,4,1/14/17,1/15/17,1/17/17
655,4,1/16/17,1/17/17,1/18/17
656,4,1/16/17,1/17/17,1/18/17
657,4,1/17/17,1/19/17,1/20/17
658,4,1/17/17,1/18/17,1/18/17
659,4,1/17/17,1/19/17,1/18/17
660,4,1/18/17,1/19/17,1/19/17
661,4,1/18/17,1/19/17,1/20/17
662,4,1/19/17,1/20/17,1/20/17
663,4,1/20/17,1/22/17,1/23/17
664,4,1/20/17,1/23/17,1/22/17
665,4,1/21/17,1/22/17,1/23/17
666,4,1/21/17,1/22/17,1/24/17
667,4,1/22/17,1/24/17,1/25/17
668,4,1/22/17,1/23/17,1/24/17
669,4,1/23/17,1/24/17,1/26/17
670,4,1/24/17,1/25/17,1/25/17
671,4,1/25/17,1/28/17,1/26/17
672,4,1/26/17,1/29/17,1/29/17
673,4,1/26/17,1/28/17,1/27/17
674,4,1/27/17,1/28/17,1/29/17
675,4,1/28/17,1/31/17,1/30/17
676,4,1/28/17,1/30/17,1/31/17
677,4,1/28/17,1/31/17,1/30/17
678,4,1/28/17,1/29/17,1/31/17
679,4,1/29/17,1/30/17,1/30/17
680,4,1/29/17,2/1/17,1/30/17
681,4,1/29/17,2/1/17,1/31/17
682,4,1/29/17,1/30/17,1/30/17
683,4,1/29/17,1/31/17,2/1/17
684,4,1/31/17,2/1/17,2/2/17
685,4,1/31/17,2/3/17,2/2/17
686,4,2/1/17,2/3/17,2/4/17
687,4,2/2/17,2/5/17,2/4/17
688,4,2/2/17,2/3/17,2/5/17
689,4,2/2/17,2/3/17,2/5/17
690,4,2/3/17,2/4/17,2/6/17
691,4,2/4/17,2/6/17,2/6/17
692,3,2/5/17,2/5/17,NULL
693,4,2/5/17,2/7/17,2/6/17
694,4,2/5/17,2/6/17,2/8/17
695,4,2/5/17,2/8/17,2/7/17
696,4,2/5/17,2/8/17,2/8/17
697,4,2/6/17,2/8/17,2/9/17
698,4,2/6/17,2/8/17,2/9/17
699,4,2/6/17,2/8/17,2/9/17
700,4,2/7/17,2/10/17,2/8/17
701,4,2/7/17,2/8/17,2/9/17
702,4,2/8/17,2/9/17,2/11/17
703,4,2/8/17,2/9/17,2/9/17
704,4,2/8/17,2/9/17,2/11/17
705,4,2/8/17,2/11/17,2/11/17
706,4,2/9/17,2/12/17,2/10/17
707,4,2/9/17,2/11/17,2/11/17
708,4,2/10/17,2/12/17,2/11/17
709,4,2/11/17,2/13/17,2/12/17
710,4,2/13/17,2/15/17,2/16/17
711,4,2/13/17,2/16/17,2/14/17
712,4,2/13/17,2/14/17,2/16/17
713,4,2/13/17,2/14/17,2/15/17
714,4,2/14/17,2/17/17,2/15/17
715,3,2/15/17,2/15/17,NULL
716,4,2/15/17,2/17/17,2/18/17
717,4,2/15/17,2/18/17,2/17/17
718,4,2/16/17,2/17/17,2/17/17
719,4,2/16/17,2/19/17,2/18/17
720,4,2/16/17,2/19/17,2/19/17
721,4,2/16/17,2/19/17,2/17/17
722,4,2/18/17,2/20/17,2/21/17
723,4,2/19/17,2/21/17,2/22/17
724,4,2/19/17,2/22/17,2/21/17
725,4,2/19/17,2/22/17,2/22/17
726,4,2/19/17,2/22/17,2/20/17
727,4,2/19/17,2/22/17,2/21/17
728,4,2/20/17,2/21/17,2/23/17
729,4,2/20/17,2/22/17,2/21/17
730,4,2/21/17,2/24/17,2/22/17
731,4,2/25/17,2/27/17,2/27/17
732,4,2/26/17,2/27/17,3/1/17
733,4,2/26/17,3/1/17,2/27/17
734,4,2/26/17,2/28/17,3/1/17
735,3,2/27/17,2/27/17,NULL
736,4,2/27/17,2/28/17,2/28/17
737,4,2/27/17,3/1/17,2/28/17
738,4,2/28/17,3/1/17,3/3/17
739,4,2/28/17,3/1/17,3/2/17
740,4,2/28/17,3/1/17,3/2/17
741,4,2/28/17,3/1/17,3/1/17
742,4,2/28/17,3/1/17,3/1/17
743,4,3/1/17,3/4/17,3/4/17
744,4,3/1/17,3/2/17,3/2/17
745,4,3/1/17,3/3/17,3/3/17
746,4,3/2/17,3/4/17,3/5/17
747,4,3/3/17,3/4/17,3/5/17
748,4,3/3/17,3/5/17,3/4/17
749,4,3/4/17,3/7/17,3/5/17
750,4,3/4/17,3/7/17,3/5/17
751,4,3/5/17,3/8/17,3/7/17
752,4,3/5/17,3/6/17,3/7/17
753,4,3/5/17,3/8/17,3/8/17
754,4,3/6/17,3/7/17,3/8/17
755,4,3/6/17,3/7/17,3/7/17
756,4,3/6/17,3/7/17,3/9/17
757,4,3/6/17,3/8/17,3/9/17
758,4,3/6/17,3/8/17,3/7/17
759,4,3/7/17,3/9/17,3/8/17
760,4,3/7/17,3/10/17,3/10/17
761,4,3/7/17,3/8/17,3/10/17
762,4,3/8/17,3/9/17,3/9/17
763,4,3/8/17,3/10/17,3/9/17
764,4,3/9/17,3/10/17,3/12/17
765,4,3/9/17,3/11/17,3/12/17
766,4,3/9/17,3/11/17,3/12/17
767,4,3/9/17,3/10/17,3/11/17
768,4,3/9/17,3/12/17,3/10/17
769,4,3/9/17,3/11/17,3/11/17
770,4,3/9/17,3/11/17,3/11/17
771,4,3/11/17,3/14/17,3/12/17
772,4,3/11/17,3/12/17,3/13/17
773,4,3/11/17,3/12/17,3/12/17
774,4,3/12/17,3/14/17,3/14/17
775,4,3/12/17,3/13/17,3/13/17
776,4,3/13/17,3/15/17,3/16/17
777,4,3/13/17,3/16/17,3/16/17
778,3,3/15/17,3/15/17,NULL
779,4,3/15/17,3/16/17,3/18/17
780,4,3/15/17,3/17/17,3/17/17
781,4,3/15/17,3/16/17,3/17/17
782,4,3/15/17,3/16/17,3/18/17
783,4,3/16/17,3/19/17,3/17/17
784,4,3/16/17,3/19/17,3/19/17
785,4,3/18/17,3/19/17,3/20/17
786,4,3/18/17,3/20/17,3/19/17
787,4,3/18/17,3/20/17,3/19/17
788,4,3/18/17,3/20/17,3/20/17
789,4,3/19/17,3/20/17,3/20/17
790,4,3/19/17,3/21/17,3/22/17
791,4,3/20/17,3/22/17,3/23/17
792,4,3/22/17,3/23/17,3/24/17
793,4,3/23/17,3/24/17,3/24/17
794,4,3/23/17,3/25/17,3/24/17
795,4,3/23/17,3/25/17,3/26/17
796,4,3/23/17,3/26/17,3/25/17
797,4,3/24/17,3/26/17,3/26/17
798,4,3/26/17,3/28/17,3/29/17
799,4,3/27/17,3/28/17,3/29/17
800,4,3/27/17,3/29/17,3/28/17
801,4,3/28/17,3/29/17,3/30/17
802,4,3/28/17,3/29/17,3/30/17
803,4,3/28/17,3/31/17,3/30/17
804,4,3/29/17,3/31/17,3/30/17
805,4,3/29/17,3/30/17,4/1/17
806,4,3/30/17,3/31/17,3/31/17
807,4,3/30/17,4/1/17,4/2/17
808,4,3/31/17,4/2/17,4/2/17
809,4,3/31/17,4/3/17,4/3/17
810,3,4/1/17,4/1/17,NULL
811,4,4/1/17,4/4/17,4/4/17
812,4,4/1/17,4/2/17,4/3/17
813,4,4/1/17,4/3/17,4/2/17
814,4,4/2/17,4/5/17,4/3/17
815,4,4/3/17,4/5/17,4/4/17
816,4,4/3/17,4/5/17,4/5/17
817,4,4/4/17,4/5/17,4/7/17
818,4,4/4/17,4/7/17,4/7/17
819,4,4/4/17,4/7/17,4/5/17
820,4,4/5/17,4/8/17,4/7/17
821,4,4/5/17,4/7/17,4/8/17
822,4,4/6/17,4/8/17,4/9/17
823,4,4/6/17,4/7/17,4/8/17
824,4,4/7/17,4/9/17,4/10/17
825,4,4/7/17,4/8/17,4/9/17
826,4,4/7/17,4/10/17,4/10/17
827,4,4/7/17,4/10/17,4/10/17
828,4,4/9/17,4/10/17,4/12/17
829,4,4/9/17,4/10/17,4/10/17
830,4,4/11/17,4/14/17,4/12/17
831,4,4/11/17,4/12/17,4/12/17
832,4,4/11/17,4/12/17,4/12/17
833,4,4/12/17,4/14/17,4/15/17
834,4,4/12/17,4/13/17,4/15/17
835,4,4/13/17,4/15/17,4/14/17
836,4,4/13/17,4/16/17,4/14/17
837,4,4/13/17,4/16/17,4/14/17
838,4,4/14/17,4/17/17,4/15/17
839,4,4/15/17,4/18/17,4/16/17
840,4,4/15/17,4/16/17,4/16/17
841,4,4/15/17,4/18/17,4/17/17
842,4,4/15/17,4/18/17,4/16/17
843,4,4/16/17,4/17/17,4/19/17
844,4,4/16/17,4/17/17,4/18/17
845,4,4/17/17,4/18/17,4/18/17
846,4,4/17/17,4/19/17,4/19/17
847,4,4/18/17,4/19/17,4/19/17
848,4,4/18/17,4/20/17,4/20/17
849,4,4/19/17,4/20/17,4/21/17
850,4,4/19/17,4/22/17,4/22/17
851,4,4/20/17,4/21/17,4/22/17
852,4,4/21/17,4/23/17,4/22/17
853,4,4/21/17,4/24/17,4/24/17
854,4,4/22/17,4/25/17,4/23/17
855,4,4/22/17,4/23/17,4/25/17
856,4,4/23/17,4/25/17,4/26/17
857,4,4/24/17,4/25/17,4/26/17
858,4,4/25/17,4/27/17,4/28/17
859,4,4/25/17,4/26/17,4/26/17
860,4,4/27/17,4/29/17,4/28/17
861,4,4/27/17,4/29/17,4/30/17
862,4,4/27/17,4/30/17,4/29/17
863,4,4/28/17,4/30/17,5/1/17
864,4,4/28/17,4/30/17,4/29/17
865,4,4/29/17,5/2/17,5/1/17
866,4,4/29/17,4/30/17,5/1/17
867,4,5/1/17,5/3/17,5/2/17
868,4,5/1/17,5/4/17,5/2/17
869,4,5/1/17,5/4/17,5/2/17
870,4,5/1/17,5/4/17,5/2/17
871,4,5/2/17,5/4/17,5/3/17
872,4,5/3/17,5/6/17,5/6/17
873,4,5/3/17,5/5/17,5/5/17
874,4,5/4/17,5/5/17,5/6/17
875,4,5/5/17,5/6/17,5/8/17
876,4,5/5/17,5/8/17,5/6/17
877,4,5/6/17,5/7/17,5/8/17
878,4,5/7/17,5/10/17,5/9/17
879,4,5/8/17,5/9/17,5/9/17
880,4,5/8/17,5/11/17,5/10/17
881,4,5/8/17,5/11/17,5/11/17
882,4,5/9/17,5/12/17,5/10/17
883,4,5/11/17,5/13/17,5/14/17
884,4,5/11/17,5/13/17,5/12/17
885,3,5/13/17,5/13/17,NULL
886,4,5/13/17,5/14/17,5/15/17
887,4,5/13/17,5/15/17,5/15/17
888,4,5/14/17,5/16/17,5/16/17
889,4,5/14/17,5/17/17,5/15/17
890,4,5/15/17,5/18/17,5/18/17
891,4,5/15/17,5/18/17,5/16/17
892,4,5/15/17,5/18/17,5/17/17
893,4,5/16/17,5/19/17,5/19/17
894,4,5/16/17,5/19/17,5/19/17
895,4,5/18/17,5/21/17,5/19/17
896,4,5/19/17,5/22/17,5/21/17
897,4,5/20/17,5/21/17,5/21/17
898,4,5/20/17,5/21/17,5/22/17
899,4,5/20/17,5/21/17,5/21/17
900,4,5/20/17,5/21/17,5/22/17
901,4,5/21/17,5/22/17,5/24/17
902,4,5/21/17,5/24/17,5/22/17
903,4,5/22/17,5/23/17,5/24/17
904,4,5/23/17,5/26/17,5/24/17
905,4,5/23/17,5/26/17,5/24/17
906,4,5/23/17,5/26/17,5/26/17
907,4,5/24/17,5/26/17,5/27/17
908,4,5/25/17,5/28/17,5/27/17
909,4,5/26/17,5/27/17,5/28/17
910,4,5/26/17,5/28/17,5/28/17
911,4,5/26/17,5/29/17,5/29/17
912,4,5/27/17,5/29/17,5/29/17
913,4,5/27/17,5/29/17,5/29/17
914,4,5/28/17,5/31/17,5/31/17
915,4,5/28/17,5/30/17,5/30/17
916,4,5/28/17,5/29/17,5/29/17
917,4,5/29/17,5/31/17,6/1/17
918,4,5/30/17,5/31/17,5/31/17
919,4,5/30/17,5/31/17,5/31/17
920,4,5/30/17,6/1/17,6/2/17
921,4,5/31/17,6/2/17,6/2/17
922,4,5/31/17,6/1/17,6/3/17
923,4,5/31/17,6/3/17,6/2/17
924,3,6/2/17,6/2/17,NULL
925,4,6/2/17,6/5/17,6/3/17
926,4,6/3/17,6/5/17,6/6/17
927,4,6/3/17,6/5/17,6/6/17
928,4,6/5/17,6/6/17,6/6/17
929,4,6/5/17,6/6/17,6/8/17
930,4,6/5/17,6/6/17,6/6/17
931,4,6/7/17,6/8/17,6/8/17
932,4,6/7/17,6/8/17,6/9/17
933,4,6/7/17,6/10/17,6/8/17
934,4,6/9/17,6/10/17,6/12/17
935,3,6/10/17,6/10/17,NULL
936,4,6/10/17,6/13/17,6/12/17
937,4,6/11/17,6/14/17,6/13/17
938,4,6/11/17,6/12/17,6/12/17
939,4,6/11/17,6/12/17,6/14/17
940,4,6/12/17,6/14/17,6/13/17
941,4,6/12/17,6/14/17,6/14/17
942,4,6/13/17,6/16/17,6/15/17
943,4,6/13/17,6/15/17,6/15/17
944,4,6/14/17,6/15/17,6/17/17
945,4,6/14/17,6/15/17,6/16/17
946,4,6/14/17,6/16/17,6/15/17
947,4,6/15/17,6/18/17,6/17/17
948,4,6/15/17,6/17/17,6/17/17
949,4,6/16/17,6/18/17,6/17/17
950,4,6/16/17,6/19/17,6/18/17
951,4,6/16/17,6/19/17,6/19/17
952,4,6/16/17,6/18/17,6/18/17
953,4,6/16/17,6/18/17,6/17/17
954,4,6/17/17,6/20/17,6/20/17
955,4,6/17/17,6/19/17,6/18/17
956,4,6/17/17,6/19/17,6/20/17
957,4,6/17/17,6/20/17,6/20/17
958,4,6/18/17,6/20/17,6/19/17
959,4,6/18/17,6/21/17,6/21/17
960,4,6/18/17,6/19/17,6/19/17
961,4,6/19/17,6/21/17,6/22/17
962,4,6/19/17,6/22/17,6/20/17
963,4,6/19/17,6/21/17,6/21/17
964,4,6/20/17,6/22/17,6/22/17
965,4,6/20/17,6/22/17,6/23/17
966,4,6/20/17,6/22/17,6/22/17
967,4,6/21/17,6/24/17,6/24/17
968,4,6/21/17,6/23/17,6/23/17
969,4,6/21/17,6/24/17,6/22/17
970,4,6/22/17,6/25/17,6/23/17
971,4,6/22/17,6/23/17,6/24/17
972,4,6/23/17,6/24/17,6/25/17
973,4,6/24/17,6/27/17,6/27/17
974,4,6/24/17,6/27/17,6/27/17
975,4,6/25/17,6/27/17,6/28/17
976,4,6/25/17,6/28/17,6/27/17
977,4,6/26/17,6/28/17,6/27/17
978,4,6/26/17,6/28/17,6/27/17
979,4,6/26/17,6/29/17,6/27/17
980,4,6/26/17,6/28/17,6/27/17
981,4,6/26/17,6/29/17,6/28/17
982,4,6/26/17,6/29/17,6/28/17
983,4,6/27/17,6/28/17,6/29/17
984,4,6/27/17,6/28/17,6/29/17
985,4,6/30/17,7/2/17,7/1/17
986,4,6/30/17,7/3/17,7/1/17
987,4,7/2/17,7/4/17,7/4/17
988,4,7/2/17,7/4/17,7/5/17
989,4,7/2/17,7/4/17,7/3/17
990,4,7/4/17,7/7/17,7/7/17
991,4,7/6/17,7/7/17,7/9/17
992,4,7/7/17,7/10/17,7/9/17
993,4,7/9/17,7/11/17,7/11/17
994,4,7/9/17,7/11/17,7/11/17
995,4,7/11/17,7/13/17,7/14/17
996,4,7/11/17,7/12/17,7/12/17
997,4,7/11/17,7/13/17,7/14/17
998,4,7/12/17,7/13/17,7/14/17
999,4,7/12/17,7/13/17,7/14/17
1000,4,7/12/17,7/14/17,7/15/17
1001,4,7/13/17,7/16/17,7/15/17
1002,4,7/14/17,7/16/17,7/16/17
1003,4,7/14/17,7/16/17,7/16/17
1004,4,7/14/17,7/17/17,7/16/17
1005,4,7/15/17,7/17/17,7/16/17
1006,4,7/15/17,7/18/17,7/17/17
1007,4,7/16/17,7/17/17,7/17/17
1008,4,7/16/17,7/18/17,7/18/17
1009,4,7/16/17,7/19/17,7/19/17
1010,3,7/18/17,7/18/17,NULL
1011,4,7/18/17,7/21/17,7/21/17
1012,4,7/18/17,7/20/17,7/20/17
1013,4,7/19/17,7/22/17,7/21/17
1014,4,7/19/17,7/21/17,7/21/17
1015,4,7/19/17,7/22/17,7/21/17
1016,4,7/19/17,7/20/17,7/21/17
1017,4,7/20/17,7/21/17,7/23/17
1018,4,7/22/17,7/23/17,7/23/17
1019,4,7/22/17,7/23/17,7/24/17
1020,3,7/23/17,7/23/17,NULL
1021,4,7/23/17,7/24/17,7/26/17
1022,4,7/23/17,7/26/17,7/24/17
1023,4,7/23/17,7/26/17,7/25/17
1024,4,7/23/17,7/25/17,7/26/17
1025,4,7/23/17,7/26/17,7/26/17
1026,4,7/26/17,7/28/17,7/29/17
1027,4,7/26/17,7/28/17,7/28/17
1028,4,7/27/17,7/28/17,7/30/17
1029,4,7/29/17,7/30/17,8/1/17
1030,4,7/29/17,7/30/17,7/31/17
1031,4,7/30/17,8/1/17,8/2/17
1032,4,7/30/17,8/2/17,8/1/17
1033,4,7/30/17,7/31/17,8/2/17
1034,4,7/30/17,7/31/17,7/31/17
1035,4,7/30/17,8/2/17,8/2/17
1036,4,7/30/17,8/1/17,7/31/17
1037,4,7/31/17,8/2/17,8/3/17
1038,4,7/31/17,8/1/17,8/3/17
1039,4,8/2/17,8/4/17,8/3/17
1040,4,8/4/17,8/7/17,8/5/17
1041,4,8/4/17,8/6/17,8/5/17
1042,4,8/6/17,8/7/17,8/7/17
1043,4,8/6/17,8/9/17,8/8/17
1044,4,8/7/17,8/10/17,8/8/17
1045,4,8/7/17,8/9/17,8/10/17
1046,4,8/7/17,8/9/17,8/8/17
1047,3,8/8/17,8/8/17,NULL
1048,4,8/8/17,8/10/17,8/9/17
1049,4,8/9/17,8/11/17,8/10/17
1050,4,8/9/17,8/12/17,8/12/17
1051,4,8/10/17,8/11/17,8/11/17
1052,4,8/10/17,8/12/17,8/13/17
1053,4,8/10/17,8/11/17,8/12/17
1054,4,8/11/17,8/12/17,8/12/17
1055,4,8/12/17,8/15/17,8/15/17
1056,4,8/12/17,8/15/17,8/13/17
1057,4,8/12/17,8/15/17,8/13/17
1058,4,8/13/17,8/16/17,8/14/17
1059,4,8/14/17,8/17/17,8/17/17
1060,4,8/15/17,8/18/17,8/17/17
1061,4,8/15/17,8/18/17,8/18/17
1062,4,8/15/17,8/17/17,8/18/17
1063,4,8/16/17,8/19/17,8/19/17
1064,4,8/16/17,8/18/17,8/19/17
1065,4,8/17/17,8/19/17,8/19/17
1066,4,8/17/17,8/20/17,8/19/17
1067,4,8/17/17,8/19/17,8/19/17
1068,4,8/17/17,8/20/17,8/19/17
1069,4,8/17/17,8/19/17,8/18/17
1070,4,8/17/17,8/20/17,8/18/17
1071,4,8/17/17,8/20/17,8/18/17
1072,3,8/18/17,8/18/17,NULL
1073,4,8/18/17,8/19/17,8/21/17
1074,3,8/19/17,8/19/17,NULL
1075,4,8/19/17,8/21/17,8/22/17
1076,4,8/19/17,8/22/17,8/22/17
1077,4,8/19/17,8/20/17,8/21/17
1078,4,8/19/17,8/21/17,8/20/17
1079,4,8/19/17,8/20/17,8/20/17
1080,4,8/19/17,8/20/17,8/20/17
1081,4,8/19/17,8/22/17,8/22/17
1082,4,8/20/17,8/22/17,8/21/17
1083,4,8/20/17,8/23/17,8/23/17
1084,4,8/21/17,8/24/17,8/23/17
1085,4,8/21/17,8/23/17,8/23/17
1086,4,8/21/17,8/23/17,8/24/17
1087,4,8/22/17,8/23/17,8/25/17
1088,4,8/22/17,8/23/17,8/23/17
1089,3,8/23/17,8/23/17,NULL
1090,4,8/24/17,8/26/17,8/26/17
1091,4,8/24/17,8/25/17,8/25/17
1092,4,8/25/17,8/28/17,8/27/17
1093,4,8/25/17,8/28/17,8/26/17
1094,4,8/25/17,8/27/17,8/28/17
1095,4,8/26/17,8/28/17,8/27/17
1096,4,8/27/17,8/29/17,8/29/17
1097,4,8/27/17,8/30/17,8/28/17
1098,4,8/28/17,8/30/17,8/30/17
1099,4,8/28/17,8/29/17,8/30/17
1100,4,8/28/17,8/29/17,8/29/17
1101,4,8/29/17,8/30/17,8/30/17
1102,4,8/29/17,8/31/17,8/31/17
1103,4,8/31/17,9/2/17,9/2/17
1104,4,9/1/17,9/4/17,9/3/17
1105,4,9/1/17,9/4/17,9/3/17
1106,4,9/2/17,9/4/17,9/4/17
1107,4,9/2/17,9/5/17,9/5/17
1108,4,9/3/17,9/5/17,9/4/17
1109,4,9/3/17,9/4/17,9/4/17
1110,4,9/4/17,9/7/17,9/7/17
1111,4,9/4/17,9/6/17,9/5/17
1112,4,9/5/17,9/8/17,9/7/17
1113,4,9/6/17,9/8/17,9/7/17
1114,4,9/6/17,9/8/17,9/8/17
1115,4,9/7/17,9/9/17,9/9/17
1116,4,9/8/17,9/10/17,9/10/17
1117,4,9/8/17,9/10/17,9/10/17
1118,4,9/8/17,9/11/17,9/11/17
1119,4,9/10/17,9/12/17,9/13/17
1120,4,9/10/17,9/12/17,9/13/17
1121,4,9/11/17,9/13/17,9/12/17
1122,4,9/12/17,9/14/17,9/14/17
1123,4,9/13/17,9/14/17,9/14/17
1124,4,9/13/17,9/14/17,9/16/17
1125,4,9/14/17,9/15/17,9/15/17
1126,4,9/14/17,9/16/17,9/15/17
1127,4,9/15/17,9/16/17,9/16/17
1128,4,9/15/17,9/17/17,9/16/17
1129,4,9/17/17,9/18/17,9/20/17
1130,4,9/18/17,9/20/17,9/20/17
1131,4,9/18/17,9/20/17,9/19/17
1132,4,9/19/17,9/20/17,9/20/17
1133,4,9/19/17,9/21/17,9/21/17
1134,4,9/19/17,9/22/17,9/20/17
1135,4,9/19/17,9/21/17,9/20/17
1136,4,9/20/17,9/21/17,9/21/17
1137,4,9/20/17,9/23/17,9/23/17
1138,4,9/21/17,9/23/17,9/22/17
1139,4,9/21/17,9/22/17,9/23/17
1140,4,9/21/17,9/22/17,9/22/17
1141,4,9/22/17,9/23/17,9/24/17
1142,4,9/23/17,9/26/17,9/26/17
1143,4,9/24/17,9/26/17,9/27/17
1144,4,9/24/17,9/27/17,9/27/17
1145,4,9/25/17,9/27/17,9/26/17
1146,4,9/25/17,9/26/17,9/28/17
1147,4,9/25/17,9/26/17,9/27/17
1148,4,9/25/17,9/26/17,9/27/17
1149,4,9/27/17,9/30/17,9/30/17
1150,4,9/28/17,10/1/17,9/30/17
1151,4,9/29/17,9/30/17,9/30/17
1152,4,9/29/17,10/2/17,10/1/17
1153,4,9/30/17,10/3/17,10/3/17
1154,4,9/30/17,10/3/17,10/3/17
1155,4,9/30/17,10/1/17,10/1/17
1156,4,9/30/17,10/3/17,10/3/17
1157,4,10/1/17,10/3/17,10/4/17
1158,4,10/1/17,10/3/17,10/2/17
1159,4,10/1/17,10/2/17,10/3/17
1160,4,10/1/17,10/2/17,10/4/17
1161,4,10/1/17,10/4/17,10/2/17
1162,4,10/1/17,10/3/17,10/3/17
1163,4,10/1/17,10/2/17,10/2/17
1164,4,10/1/17,10/2/17,10/3/17
1165,4,10/2/17,10/3/17,10/5/17
1166,4,10/3/17,10/4/17,10/4/17
1167,4,10/4/17,10/7/17,10/6/17
1168,4,10/4/17,10/5/17,10/6/17
1169,4,10/4/17,10/6/17,10/7/17
1170,4,10/5/17,10/7/17,10/6/17
1171,4,10/5/17,10/6/17,10/8/17
1172,4,10/7/17,10/10/17,10/9/17
1173,4,10/8/17,10/10/17,10/9/17
1174,4,10/8/17,10/10/17,10/11/17
1175,4,10/9/17,10/11/17,10/12/17
1176,4,10/10/17,10/13/17,10/11/17
1177,3,10/12/17,10/12/17,NULL
1178,4,10/12/17,10/15/17,10/13/17
1179,4,10/12/17,10/15/17,10/15/17
1180,4,10/13/17,10/16/17,10/16/17
1181,4,10/13/17,10/16/17,10/15/17
1182,4,10/13/17,10/14/17,10/16/17
1183,4,10/14/17,10/17/17,10/17/17
1184,4,10/14/17,10/15/17,10/16/17
1185,4,10/14/17,10/16/17,10/17/17
1186,4,10/14/17,10/16/17,10/15/17
1187,4,10/15/17,10/18/17,10/16/17
1188,4,10/15/17,10/18/17,10/17/17
1189,4,10/15/17,10/17/17,10/18/17
1190,4,10/16/17,10/19/17,10/17/17
1191,4,10/17/17,10/18/17,10/18/17
1192,4,10/17/17,10/19/17,10/18/17
1193,4,10/17/17,10/19/17,10/19/17
1194,4,10/19/17,10/22/17,10/22/17
1195,4,10/19/17,10/21/17,10/21/17
1196,4,10/19/17,10/21/17,10/20/17
1197,4,10/21/17,10/23/17,10/23/17
1198,4,10/22/17,10/24/17,10/24/17
1199,4,10/23/17,10/24/17,10/26/17
1200,4,10/23/17,10/25/17,10/26/17
1201,4,10/23/17,10/24/17,10/24/17
1202,4,10/24/17,10/25/17,10/25/17
1203,4,10/25/17,10/27/17,10/26/17
1204,4,10/25/17,10/28/17,10/28/17
1205,4,10/26/17,10/28/17,10/28/17
1206,4,10/26/17,10/29/17,10/29/17
1207,4,10/26/17,10/28/17,10/27/17
1208,4,10/26/17,10/28/17,10/27/17
1209,4,10/26/17,10/27/17,10/29/17
1210,4,10/26/17,10/27/17,10/29/17
1211,4,10/27/17,10/28/17,10/29/17
1212,4,10/27/17,10/30/17,10/29/17
1213,4,10/27/17,10/29/17,10/29/17
1214,4,10/28/17,10/29/17,10/29/17
1215,4,10/28/17,10/31/17,10/30/17
1216,4,10/28/17,10/30/17,10/29/17
1217,4,10/28/17,10/31/17,10/30/17
1218,4,10/30/17,11/1/17,10/31/17
1219,4,10/30/17,11/2/17,11/2/17
1220,4,10/31/17,11/3/17,11/3/17
1221,4,10/31/17,11/2/17,11/1/17
1222,4,11/1/17,11/4/17,11/3/17
1223,4,11/2/17,11/3/17,11/3/17
1224,4,11/3/17,11/4/17,11/4/17
1225,4,11/4/17,11/5/17,11/7/17
1226,4,11/4/17,11/7/17,11/6/17
1227,4,11/4/17,11/7/17,11/6/17
1228,4,11/4/17,11/6/17,11/6/17
1229,4,11/5/17,11/8/17,11/6/17
1230,4,11/5/17,11/6/17,11/7/17
1231,4,11/5/17,11/7/17,11/6/17
1232,4,11/6/17,11/7/17,11/9/17
1233,4,11/6/17,11/7/17,11/8/17
1234,3,11/7/17,11/7/17,NULL
1235,4,11/7/17,11/8/17,11/9/17
1236,4,11/8/17,11/11/17,11/9/17
1237,4,11/9/17,11/12/17,11/11/17
1238,4,11/9/17,11/10/17,11/11/17
1239,4,11/9/17,11/10/17,11/11/17
1240,4,11/10/17,11/11/17,11/11/17
1241,4,11/10/17,11/12/17,11/11/17
1242,4,11/11/17,11/12/17,11/12/17
1243,4,11/11/17,11/13/17,11/14/17
1244,4,11/12/17,11/14/17,11/13/17
1245,4,11/13/17,11/16/17,11/14/17
1246,4,11/13/17,11/16/17,11/16/17
1247,4,11/16/17,11/18/17,11/17/17
1248,4,11/16/17,11/17/17,11/18/17
1249,4,11/17/17,11/18/17,11/20/17
1250,4,11/17/17,11/19/17,11/18/17
1251,4,11/17/17,11/19/17,11/19/17
1252,4,11/18/17,11/20/17,11/21/17
1253,4,11/18/17,11/21/17,11/21/17
1254,4,11/18/17,11/19/17,11/19/17
1255,4,11/19/17,11/20/17,11/21/17
1256,4,11/19/17,11/20/17,11/22/17
1257,4,11/19/17,11/22/17,11/20/17
1258,4,11/20/17,11/21/17,11/22/17
1259,3,11/21/17,11/21/17,NULL
1260,4,11/22/17,11/23/17,11/24/17
1261,4,11/23/17,11/25/17,11/24/17
1262,4,11/23/17,11/26/17,11/26/17
1263,4,11/23/17,11/26/17,11/26/17
1264,4,11/24/17,11/27/17,11/25/17
1265,4,11/24/17,11/27/17,11/27/17
1266,4,11/25/17,11/28/17,11/27/17
1267,4,11/25/17,11/26/17,11/26/17
1268,4,11/26/17,11/28/17,11/29/17
1269,4,11/26/17,11/29/17,11/29/17
1270,4,11/26/17,11/29/17,11/29/17
1271,4,11/27/17,11/30/17,11/30/17
1272,4,11/27/17,11/29/17,11/30/17
1273,4,11/27/17,11/29/17,11/29/17
1274,4,11/28/17,11/29/17,12/1/17
1275,4,11/29/17,12/1/17,11/30/17
1276,4,11/30/17,12/3/17,12/2/17
1277,4,12/1/17,12/4/17,12/2/17
1278,4,12/1/17,12/2/17,12/4/17
1279,4,12/1/17,12/4/17,12/3/17
1280,4,12/1/17,12/3/17,12/3/17
1281,4,12/2/17,12/5/17,12/5/17
1282,4,12/3/17,12/5/17,12/5/17
1283,4,12/4/17,12/7/17,12/7/17
1284,4,12/4/17,12/6/17,12/7/17
1285,4,12/4/17,12/7/17,12/7/17
1286,4,12/4/17,12/7/17,12/6/17
1287,4,12/7/17,12/10/17,12/9/17
1288,4,12/7/17,12/10/17,12/9/17
1289,4,12/8/17,12/11/17,12/10/17
1290,4,12/8/17,12/10/17,12/10/17
1291,4,12/9/17,12/11/17,12/12/17
1292,4,12/10/17,12/13/17,12/11/17
1293,4,12/10/17,12/12/17,12/11/17
1294,4,12/11/17,12/13/17,12/14/17
1295,4,12/11/17,12/12/17,12/14/17
1296,4,12/14/17,12/17/17,12/15/17
1297,4,12/14/17,12/17/17,12/16/17
1298,4,12/14/17,12/17/17,12/16/17
1299,4,12/15/17,12/18/17,12/16/17
1300,4,12/15/17,12/17/17,12/17/17
1301,4,12/16/17,12/19/17,12/19/17
1302,4,12/16/17,12/18/17,12/19/17
1303,4,12/16/17,12/19/17,12/18/17
1304,4,12/16/17,12/17/17,12/17/17
1305,4,12/17/17,12/19/17,12/18/17
1306,4,12/20/17,12/21/17,12/22/17
1307,4,12/22/17,12/23/17,12/25/17
1308,4,12/22/17,12/24/17,12/24/17
1309,4,12/22/17,12/25/17,12/24/17
1310,4,12/24/17,12/25/17,12/26/17
1311,4,12/24/17,12/26/17,12/27/17
1312,4,12/25/17,12/28/17,12/26/17
1313,4,12/25/17,12/27/17,12/27/17
1314,4,12/25/17,12/26/17,12/28/17
1315,4,12/25/17,12/27/17,12/28/17
1316,4,12/26/17,12/29/17,12/27/17
1317,4,12/27/17,12/28/17,12/29/17
1318,4,12/27/17,12/30/17,12/29/17
1319,4,12/27/17,12/30/17,12/30/17
1320,4,12/28/17,12/30/17,12/29/17
1321,4,12/30/17,12/31/17,12/31/17
1322,4,12/31/17,1/3/18,1/2/18
1323,4,12/31/17,1/1/18,1/1/18
1324,4,1/1/18,1/4/18,1/3/18
1325,4,1/1/18,1/2/18,1/3/18
1326,4,1/1/18,1/3/18,1/2/18
1327,4,1/2/18,1/3/18,1/5/18
1328,4,1/2/18,1/3/18,1/3/18
1329,4,1/4/18,1/5/18,1/6/18
1330,4,1/4/18,1/5/18,1/7/18
1331,4,1/5/18,1/6/18,1/8/18
1332,4,1/6/18,1/7/18,1/9/18
1333,4,1/6/18,1/7/18,1/7/18
1334,4,1/7/18,1/9/18,1/10/18
1335,4,1/7/18,1/8/18,1/8/18
1336,4,1/9/18,1/10/18,1/12/18
1337,4,1/9/18,1/12/18,1/12/18
1338,4,1/10/18,1/11/18,1/13/18
1339,4,1/11/18,1/14/18,1/13/18
1340,4,1/12/18,1/13/18,1/13/18
1341,4,1/12/18,1/13/18,1/14/18
1342,4,1/12/18,1/13/18,1/15/18
1343,4,1/13/18,1/15/18,1/14/18
1344,4,1/13/18,1/16/18,1/15/18
1345,4,1/14/18,1/15/18,1/15/18
1346,4,1/14/18,1/15/18,1/15/18
1347,4,1/15/18,1/18/18,1/18/18
1348,4,1/15/18,1/17/18,1/17/18
1349,4,1/15/18,1/17/18,1/16/18
1350,4,1/15/18,1/18/18,1/17/18
1351,4,1/16/18,1/19/18,1/19/18
1352,4,1/16/18,1/18/18,1/18/18
1353,4,1/17/18,1/19/18,1/18/18
1354,4,1/19/18,1/20/18,1/21/18
1355,4,1/19/18,1/21/18,1/20/18
1356,4,1/19/18,1/21/18,1/22/18
1357,4,1/20/18,1/23/18,1/21/18
1358,4,1/21/18,1/23/18,1/24/18
1359,4,1/21/18,1/22/18,1/22/18
1360,4,1/22/18,1/25/18,1/24/18
1361,4,1/22/18,1/24/18,1/23/18
1362,4,1/23/18,1/24/18,1/25/18
1363,4,1/24/18,1/25/18,1/25/18
1364,4,1/25/18,1/28/18,1/28/18
1365,4,1/25/18,1/28/18,1/27/18
1366,4,1/26/18,1/27/18,1/28/18
1367,4,1/27/18,1/28/18,1/28/18
1368,4,1/27/18,1/28/18,1/29/18
1369,4,1/28/18,1/30/18,1/30/18
1370,4,1/28/18,1/29/18,1/29/18
1371,4,1/29/18,1/30/18,2/1/18
1372,4,1/29/18,2/1/18,1/30/18
1373,4,1/29/18,1/31/18,1/31/18
1374,4,1/30/18,2/1/18,2/1/18
1375,4,1/30/18,2/1/18,2/1/18
1376,4,2/1/18,2/2/18,2/3/18
1377,4,2/1/18,2/3/18,2/3/18
1378,4,2/2/18,2/5/18,2/4/18
1379,4,2/2/18,2/5/18,2/5/18
1380,4,2/5/18,2/8/18,2/8/18
1381,4,2/5/18,2/6/18,2/8/18
1382,4,2/6/18,2/9/18,2/8/18
1383,4,2/7/18,2/8/18,2/8/18
1384,4,2/8/18,2/10/18,2/9/18
1385,4,2/8/18,2/11/18,2/9/18
1386,4,2/9/18,2/10/18,2/11/18
1387,4,2/9/18,2/11/18,2/11/18
1388,4,2/9/18,2/12/18,2/12/18
1389,4,2/11/18,2/12/18,2/14/18
1390,4,2/12/18,2/13/18,2/13/18
1391,4,2/13/18,2/14/18,2/14/18
1392,4,2/13/18,2/14/18,2/14/18
1393,4,2/14/18,2/15/18,2/15/18
1394,4,2/14/18,2/16/18,2/16/18
1395,4,2/15/18,2/18/18,2/16/18
1396,4,2/15/18,2/18/18,2/16/18
1397,4,2/15/18,2/17/18,2/16/18
1398,4,2/16/18,2/19/18,2/19/18
1399,4,2/16/18,2/18/18,2/18/18
1400,4,2/17/18,2/18/18,2/18/18
1401,4,2/18/18,2/19/18,2/20/18
1402,4,2/19/18,2/21/18,2/21/18
1403,4,2/21/18,2/22/18,2/22/18
1404,4,2/23/18,2/26/18,2/24/18
1405,4,2/25/18,2/28/18,2/27/18
1406,4,2/25/18,2/27/18,2/27/18
1407,3,2/26/18,2/26/18,NULL
1408,4,2/26/18,2/27/18,3/1/18
1409,4,2/26/18,2/28/18,2/28/18
1410,4,2/27/18,2/28/18,2/28/18
1411,4,3/1/18,3/2/18,3/2/18
1412,4,3/1/18,3/2/18,3/4/18
1413,4,3/1/18,3/3/18,3/4/18
1414,4,3/3/18,3/5/18,3/6/18
1415,4,3/3/18,3/4/18,3/5/18
1416,4,3/3/18,3/4/18,3/6/18
1417,4,3/4/18,3/6/18,3/7/18
1418,4,3/4/18,3/5/18,3/7/18
1419,4,3/4/18,3/7/18,3/7/18
1420,4,3/4/18,3/5/18,3/7/18
1421,4,3/5/18,3/7/18,3/7/18
1422,4,3/5/18,3/6/18,3/8/18
1423,4,3/6/18,3/7/18,3/7/18
1424,4,3/7/18,3/10/18,3/10/18
1425,4,3/7/18,3/9/18,3/9/18
1426,4,3/7/18,3/8/18,3/10/18
1427,4,3/7/18,3/8/18,3/8/18
1428,4,3/8/18,3/10/18,3/11/18
1429,4,3/8/18,3/9/18,3/9/18
1430,4,3/10/18,3/13/18,3/11/18
1431,4,3/11/18,3/12/18,3/14/18
1432,4,3/11/18,3/12/18,3/14/18
1433,4,3/11/18,3/13/18,3/12/18
1434,4,3/14/18,3/16/18,3/16/18
1435,4,3/14/18,3/15/18,3/16/18
1436,4,3/14/18,3/17/18,3/16/18
1437,4,3/15/18,3/16/18,3/16/18
1438,4,3/15/18,3/17/18,3/16/18
1439,4,3/15/18,3/16/18,3/17/18
1440,4,3/15/18,3/18/18,3/16/18
1441,4,3/15/18,3/16/18,3/18/18
1442,4,3/16/18,3/17/18,3/17/18
1443,4,3/16/18,3/17/18,3/17/18
1444,4,3/16/18,3/17/18,3/19/18
1445,4,3/17/18,3/18/18,3/20/18
1446,4,3/17/18,3/18/18,3/18/18
1447,4,3/18/18,3/20/18,3/20/18
1448,4,3/18/18,3/19/18,3/21/18
1449,4,3/18/18,3/19/18,3/20/18
1450,4,3/19/18,3/20/18,3/22/18
1451,4,3/19/18,3/22/18,3/20/18
1452,4,3/20/18,3/23/18,3/23/18
1453,4,3/20/18,3/23/18,3/22/18
1454,4,3/20/18,3/21/18,3/22/18
1455,4,3/20/18,3/22/18,3/21/18
1456,4,3/20/18,3/21/18,3/23/18
1457,4,3/20/18,3/23/18,3/23/18
1458,4,3/20/18,3/22/18,3/21/18
1459,4,3/21/18,3/22/18,3/22/18
1460,4,3/21/18,3/23/18,3/23/18
1461,4,3/22/18,3/25/18,3/23/18
1462,4,3/22/18,3/24/18,3/24/18
1463,4,3/23/18,3/24/18,3/24/18
1464,4,3/24/18,3/25/18,3/25/18
1465,4,3/25/18,3/28/18,3/28/18
1466,4,3/26/18,3/29/18,3/28/18
1467,4,3/26/18,3/27/18,3/29/18
1468,4,3/27/18,3/30/18,3/29/18
1469,4,3/27/18,3/28/18,3/30/18
1470,4,3/28/18,3/31/18,3/31/18
1471,4,3/28/18,3/30/18,3/29/18
1472,4,3/29/18,3/30/18,3/31/18
1473,4,3/30/18,4/1/18,4/2/18
1474,4,3/30/18,4/1/18,4/2/18
1475,4,3/30/18,4/1/18,3/31/18
1476,4,3/31/18,4/1/18,4/1/18
1477,4,3/31/18,4/3/18,4/1/18
1478,4,3/31/18,4/2/18,4/2/18
1479,2,4/1/18,4/1/18,NULL
1480,2,4/1/18,4/1/18,NULL
1481,1,4/1/18,4/1/18,NULL
1482,1,4/1/18,4/1/18,NULL
1483,1,4/2/18,4/2/18,NULL
1484,2,4/2/18,4/2/18,NULL
1485,2,4/2/18,4/2/18,NULL
1486,2,4/2/18,4/2/18,NULL
1487,1,4/3/18,4/3/18,NULL
1488,2,4/3/18,4/3/18,NULL
1489,1,4/3/18,4/3/18,NULL
1490,2,4/3/18,4/3/18,NULL
1491,1,4/4/18,4/4/18,NULL
1492,1,4/4/18,4/4/18,NULL
1493,2,4/4/18,4/4/18,NULL
1494,2,4/5/18,4/5/18,NULL
1495,2,4/5/18,4/5/18,NULL
1496,1,4/6/18,4/6/18,NULL
1497,2,4/6/18,4/6/18,NULL
1498,1,4/6/18,4/6/18,NULL
1499,2,4/6/18,4/6/18,NULL
1500,2,4/6/18,4/6/18,NULL
1501,1,4/6/18,4/6/18,NULL
1502,2,4/6/18,4/6/18,NULL
1503,2,4/7/18,4/7/18,NULL
1504,2,4/8/18,4/8/18,NULL
1505,1,4/8/18,4/8/18,NULL
1506,1,4/8/18,4/8/18,NULL
1507,2,4/8/18,4/8/18,NULL
1508,2,4/8/18,4/8/18,NULL
1509,1,4/9/18,4/9/18,NULL
1510,2,4/9/18,4/9/18,NULL
1511,1,4/9/18,4/9/18,NULL
1512,1,4/9/18,4/9/18,NULL
1513,2,4/10/18,4/10/18,NULL
1514,2,4/10/18,4/10/18,NULL
1515,1,4/10/18,4/10/18,NULL
1516,2,4/11/18,4/11/18,NULL
1517,1,4/11/18,4/11/18,NULL
1518,1,4/11/18,4/11/18,NULL
1519,2,4/11/18,4/11/18,NULL
1520,2,4/11/18,4/11/18,NULL
1521,1,4/12/18,4/12/18,NULL
1522,1,4/12/18,4/12/18,NULL
1523,1,4/12/18,4/12/18,NULL
1524,1,4/12/18,4/12/18,NULL
1525,2,4/12/18,4/12/18,NULL
1526,2,4/12/18,4/12/18,NULL
1527,2,4/12/18,4/12/18,NULL
1528,1,4/12/18,4/12/18,NULL
1529,1,4/12/18,4/12/18,NULL
1530,1,4/13/18,4/13/18,NULL
1531,1,4/13/18,4/13/18,NULL
1532,2,4/13/18,4/13/18,NULL
1533,2,4/13/18,4/13/18,NULL
1534,2,4/14/18,4/14/18,NULL
1535,2,4/14/18,4/14/18,NULL
1536,2,4/14/18,4/14/18,NULL
1537,1,4/15/18,4/15/18,NULL
1538,2,4/15/18,4/15/18,NULL
1539,1,4/15/18,4/15/18,NULL
1540,1,4/16/18,4/16/18,NULL
1541,2,4/16/18,4/16/18,NULL
1542,2,4/16/18,4/16/18,NULL
1543,1,4/16/18,4/16/18,NULL
1544,1,4/17/18,4/17/18,NULL
1545,1,4/17/18,4/17/18,NULL
1546,2,4/17/18,4/17/18,NULL
1547,1,4/17/18,4/17/18,NULL
1548,1,4/17/18,4/17/18,NULL
1549,1,4/17/18,4/17/18,NULL
1550,1,4/17/18,4/17/18,NULL
1551,1,4/17/18,4/17/18,NULL
1552,1,4/17/18,4/17/18,NULL
1553,2,4/18/18,4/18/18,NULL
1554,1,4/18/18,4/18/18,NULL
1555,1,4/18/18,4/18/18,NULL
1556,2,4/18/18,4/18/18,NULL
1557,2,4/19/18,4/19/18,NULL
1558,1,4/19/18,4/19/18,NULL
1559,2,4/20/18,4/20/18,NULL
1560,1,4/20/18,4/20/18,NULL
1561,2,4/20/18,4/20/18,NULL
1562,1,4/20/18,4/20/18,NULL
1563,2,4/20/18,4/20/18,NULL
1564,1,4/21/18,4/21/18,NULL
1565,2,4/21/18,4/21/18,NULL
1566,1,4/21/18,4/21/18,NULL
1567,2,4/21/18,4/21/18,NULL
1568,2,4/21/18,4/21/18,NULL
1569,2,4/22/18,4/22/18,NULL
1570,2,4/22/18,4/22/18,NULL
1571,1,4/22/18,4/22/18,NULL
1572,1,4/22/18,4/22/18,NULL
1573,2,4/23/18,4/23/18,NULL
1574,1,4/23/18,4/23/18,NULL
1575,2,4/23/18,4/23/18,NULL
1576,2,4/23/18,4/23/18,NULL
1577,1,4/23/18,4/23/18,NULL
1578,2,4/23/18,4/23/18,NULL
1579,2,4/24/18,4/24/18,NULL
1580,2,4/24/18,4/24/18,NULL
1581,2,4/25/18,4/25/18,NULL
1582,1,4/25/18,4/25/18,NULL
1583,1,4/25/18,4/25/18,NULL
1584,2,4/26/18,4/26/18,NULL
1585,1,4/26/18,4/26/18,NULL
1586,1,4/26/18,4/26/18,NULL
1587,2,4/26/18,4/26/18,NULL
1588,1,4/26/18,4/26/18,NULL
1589,2,4/27/18,4/27/18,NULL
1590,1,4/27/18,4/27/18,NULL
1591,2,4/27/18,4/27/18,NULL
1592,2,4/27/18,4/27/18,NULL
1593,1,4/27/18,4/27/18,NULL
1594,1,4/28/18,4/28/18,NULL
1595,2,4/28/18,4/28/18,NULL
1596,2,4/28/18,4/28/18,NULL
1597,1,4/28/18,4/28/18,NULL
1598,2,4/29/18,4/29/18,NULL
1599,1,4/29/18,4/29/18,NULL
1600,1,4/29/18,4/29/18,NULL
1601,1,4/29/18,4/29/18,NULL
1602,1,4/30/18,4/30/18,NULL
1603,2,4/30/18,4/30/18,NULL
1604,3,6/17/18,6/17/18,NULL
1605,3,7/1/18,7/1/18,NULL
1606,3,7/10/18,7/10/18,NULL
1607,3,7/11/18,7/11/18,NULL
1608,3,7/12/18,7/12/18,NULL
1609,3,8/23/18,8/23/18,NULL
1610,3,8/25/18,8/25/18,NULL
1611,3,9/6/18,9/6/18,NULL
1612,3,10/21/18,10/21/18,NULL
1613,3,11/18/18,11/18/18,NULL
1614,3,11/28/18,11/28/18,NULL
1615,3,12/28/18,12/28/18,NULL